{"loss": [0.7413845658302307], "accuracy": [0.625], "val_loss": [0.38135209679603577], "val_accuracy": [1.0]}